{"proxies":{"bencoding.android.tools.AndroidtoolsModule":{"superPackageName":"org.appcelerator.kroll","methods":{"disableLogging":{"runOnUiThread":false,"hasInvocation":false,"args":[],"apiName":"disableLogging","converter":"org.appcelerator.kroll.KrollConverter","defaultValueProvider":"org.appcelerator.kroll.KrollConverter","name":"__default_name__","returnType":"void"},"enableLogging":{"runOnUiThread":false,"hasInvocation":false,"args":[],"apiName":"enableLogging","converter":"org.appcelerator.kroll.KrollConverter","defaultValueProvider":"org.appcelerator.kroll.KrollConverter","name":"__default_name__","returnType":"void"}},"superProxyBindingClassName":"org.appcelerator.kroll.KrollModuleBindingGen","proxyClassName":"AndroidtoolsModule","proxyAttrs":{"propertyAccessors":[],"fullAPIName":"Androidtools","name":"Androidtools","proxyClassName":"bencoding.android.tools.AndroidtoolsModule","isTopLevel":false,"id":"bencoding.android.tools"},"packageName":"bencoding.android.tools","sourceName":"bencoding.android.tools.AndroidtoolsModuleBindingGen","isTitaniumSdk":false,"superProxyClassName":"KrollModule","isModule":true,"genClassName":"AndroidtoolsModuleBindingGen","onAppCreate":"onAppCreate"},"bencoding.android.tools.PlatformProxy":{"superPackageName":"org.appcelerator.kroll","methods":{"getRunningAppProcesses":{"runOnUiThread":false,"hasInvocation":false,"args":[],"apiName":"getRunningAppProcesses","converter":"org.appcelerator.kroll.KrollConverter","defaultValueProvider":"org.appcelerator.kroll.KrollConverter","name":"__default_name__","returnType":"java.lang.Object[]"},"restartApp":{"runOnUiThread":false,"hasInvocation":false,"args":[],"apiName":"restartApp","converter":"org.appcelerator.kroll.KrollConverter","defaultValueProvider":"org.appcelerator.kroll.KrollConverter","name":"__default_name__","returnType":"void"},"isAirplaneModeOn":{"runOnUiThread":false,"hasInvocation":false,"args":[],"apiName":"isAirplaneModeOn","converter":"org.appcelerator.kroll.KrollConverter","defaultValueProvider":"org.appcelerator.kroll.KrollConverter","name":"__default_name__","returnType":"boolean"},"isInForeground":{"runOnUiThread":false,"hasInvocation":false,"args":[],"apiName":"isInForeground","converter":"org.appcelerator.kroll.KrollConverter","defaultValueProvider":"org.appcelerator.kroll.KrollConverter","name":"__default_name__","returnType":"boolean"},"killProcess":{"runOnUiThread":false,"hasInvocation":false,"args":[{"converter":"org.appcelerator.kroll.KrollConverter","defaultValueProvider":"org.appcelerator.kroll.KrollConverter","name":"pid","sourceName":"pid","type":"int"}],"apiName":"killProcess","converter":"org.appcelerator.kroll.KrollConverter","defaultValueProvider":"org.appcelerator.kroll.KrollConverter","name":"__default_name__","returnType":"void"},"killPackage":{"runOnUiThread":false,"hasInvocation":false,"args":[{"converter":"org.appcelerator.kroll.KrollConverter","defaultValueProvider":"org.appcelerator.kroll.KrollConverter","name":"packageName","sourceName":"packageName","type":"java.lang.String"}],"apiName":"killPackage","converter":"org.appcelerator.kroll.KrollConverter","defaultValueProvider":"org.appcelerator.kroll.KrollConverter","name":"__default_name__","returnType":"void"},"launchIntentForPackage":{"runOnUiThread":false,"hasInvocation":false,"args":[{"converter":"org.appcelerator.kroll.KrollConverter","defaultValueProvider":"org.appcelerator.kroll.KrollConverter","name":"packageName","sourceName":"packageName","type":"java.lang.String"}],"apiName":"launchIntentForPackage","converter":"org.appcelerator.kroll.KrollConverter","defaultValueProvider":"org.appcelerator.kroll.KrollConverter","name":"__default_name__","returnType":"void"},"exitApp":{"runOnUiThread":false,"hasInvocation":false,"args":[],"apiName":"exitApp","converter":"org.appcelerator.kroll.KrollConverter","defaultValueProvider":"org.appcelerator.kroll.KrollConverter","name":"__default_name__","returnType":"void"},"getInstalledApps":{"runOnUiThread":false,"hasInvocation":false,"args":[],"apiName":"getInstalledApps","converter":"org.appcelerator.kroll.KrollConverter","defaultValueProvider":"org.appcelerator.kroll.KrollConverter","name":"__default_name__","returnType":"java.lang.Object[]"},"intentAvailable":{"runOnUiThread":false,"hasInvocation":false,"args":[{"converter":"org.appcelerator.kroll.KrollConverter","defaultValueProvider":"org.appcelerator.kroll.KrollConverter","name":"intent","sourceName":"intent","type":"org.appcelerator.titanium.proxy.IntentProxy"}],"apiName":"intentAvailable","converter":"org.appcelerator.kroll.KrollConverter","defaultValueProvider":"org.appcelerator.kroll.KrollConverter","name":"__default_name__","returnType":"boolean"}},"superProxyBindingClassName":"org.appcelerator.kroll.KrollProxyBindingGen","proxyClassName":"PlatformProxy","proxyAttrs":{"propertyAccessors":[],"fullAPIName":"Androidtools.Platform","name":"Platform","proxyClassName":"bencoding.android.tools.PlatformProxy","isTopLevel":false,"id":"bencoding.android.tools.PlatformProxy","creatableInModule":"bencoding.android.tools.AndroidtoolsModule","parentModule":"org.appcelerator.kroll.annotations.Kroll.DEFAULT"},"packageName":"bencoding.android.tools","sourceName":"bencoding.android.tools.PlatformProxyBindingGen","isTitaniumSdk":false,"superProxyClassName":"KrollProxy","isModule":false,"genClassName":"PlatformProxyBindingGen"}},"modules":{"bencoding.android.tools.AndroidtoolsModule":{"apiName":"Androidtools","createProxies":[{"propertyAccessors":[],"fullAPIName":"Androidtools.Platform","name":"Platform","proxyClassName":"bencoding.android.tools.PlatformProxy","isTopLevel":false,"id":"bencoding.android.tools.PlatformProxy","creatableInModule":"bencoding.android.tools.AndroidtoolsModule","parentModule":"org.appcelerator.kroll.annotations.Kroll.DEFAULT"}]}}}